id,name,country,region,population,climate,industries,corruption,pressFreedom,costOfLiving,affordability,govProgressiveness,militarySpending,economicOutlook,fossilFuelReliance,safety,healthcareQuality,educationQuality,internetQuality,airQuality,languageAccess,visaEase,sunshine,humidity,rainfall,winterWarmth,primaryLanguage,gdpPerCapita,density,nickname,lat,lon
tokyo,Tokyo,Japan,Asia,14000000,temperate,tech;finance;creative,75,63,65,63,96,73,32,33,76,86,79,100,78,32,79,37,89,68,55,japanese,42,6158,The Big Mikan,35.69,139.69
newYork,New York,United States,North America,8300000,temperate,tech;finance;creative;media,70,65,22,77,81,32,58,43,49,88,71,100,85,100,75,37,92,52,47,english,80,10900,The Big Apple,40.71,-74.01
london,London,United Kingdom,Europe,9000000,temperate,finance;tech;creative;media,78,78,33,61,92,54,36,64,45,88,73,100,80,100,75,18,99,28,54,english,65,5600,The Big Smoke,51.51,-0.13
paris,Paris,France,Europe,2100000,temperate,creative;finance;tech;fashion,73,76,42,61,89,59,39,95,42,82,70,100,74,63,62,25,93,26,51,french,55,20600,City of Light,48.85,2.35
sydney,Sydney,Australia,Oceania,5300000,subtropical,finance;tech;mining,85,75,41,72,94,62,51,39,66,89,72,100,77,100,76,52,77,35,95,english,65,430,Harbour City,-33.87,151.21
toronto,Toronto,Canada,North America,2900000,continental,tech;finance;film,81,78,54,75,97,74,49,77,56,92,78,100,85,100,77,32,89,31,38,english,60,4334,The 6ix,43.65,-79.38
berlin,Berlin,Germany,Europe,3700000,continental,tech;creative;startup,84,83,48,76,95,62,20,59,55,87,72,100,74,88,61,16,91,24,43,german,42,4120,The Grey City,52.52,13.41
singapore,Singapore,Singapore,Asia,5700000,tropical,finance;tech;trade,88,45,31,40,48,43,74,5,78,88,92,100,76,100,78,51,99,95,100,english,88,8358,The Lion City,1.35,103.82
mexicoCity,Mexico City,Mexico,Latin America,9200000,subtropical,creative;finance;tech,29,45,70,69,58,82,46,26,34,79,43,90,56,30,67,69,65,32,68,spanish,18,6000,City of Palaces,19.43,-99.13
saoPaulo,São Paulo,Brazil,Latin America,12300000,subtropical,finance;tech;creative,40,63,77,69,73,81,62,89,30,84,38,100,67,44,74,49,91,54,94,portuguese,18,7216,Sampa,-23.55,-46.63
amsterdam,Amsterdam,Netherlands,Europe,900000,temperate,tech;finance;creative,87,88,39,79,97,62,34,54,70,85,73,100,81,91,62,19,99,33,52,dutch,60,5135,Venice of the North,52.37,4.90
barcelona,Barcelona,Spain,Europe,1600000,subtropical,tech;creative;tourism,62,77,60,69,91,71,61,75,48,84,69,100,76,63,63,46,72,21,61,spanish,35,15987,The City of Counts,41.39,2.16
bangkok,Bangkok,Thailand,Asia,10500000,tropical,tourism;tech;trade,37,56,75,6,33,78,57,17,62,82,42,100,53,17,39,63,81,54,100,thai,18,5258,City of Angels,13.75,100.52
dubai,Dubai,United Arab Emirates,Middle East,3500000,tropical,finance;trade;tourism,72,26,57,85,18,,77,32,84,84,49,100,8,46,78,72,51,3,89,arabic,38,693,City of Gold,25.20,55.27
seoul,Seoul,South Korea,Asia,9700000,continental,tech;creative;finance,65,64,55,26,83,49,44,40,75,88,79,100,49,57,80,37,85,49,37,korean,35,15850,Soul of Asia,37.57,126.98
vienna,Vienna,Austria,Europe,1900000,continental,finance;creative;tech,74,78,46,64,94,80,22,84,71,84,69,100,79,89,62,25,85,29,41,german,52,4600,City of Music,48.21,16.37
lisbon,Lisbon,Portugal,Europe,500000,subtropical,tech;creative;tourism,65,84,64,56,96,69,55,81,67,83,70,100,81,87,62,55,92,22,73,portuguese,28,6659,City of Seven Hills,38.72,-9.14
copenhagen,Copenhagen,Denmark,Europe,800000,temperate,tech;creative;finance,94,86,34,77,97,52,54,91,74,85,73,100,83,87,63,17,100,28,47,danish,60,6904,City of Spires,55.68,12.57
melbourne,Melbourne,Australia,Oceania,5000000,temperate,tech;finance;creative,85,75,43,86,94,62,51,39,56,89,72,100,86,100,76,49,80,29,89,english,62,505,Marvellous Melbourne,-37.81,144.96
buenosAires,Buenos Aires,Argentina,Latin America,3100000,subtropical,creative;finance;tech,41,56,67,71,85,88,30,42,37,80,36,99,76,75,74,54,83,44,100,spanish,12,14827,Paris of South America,-34.61,-58.38
prague,Prague,Czech Republic,Europe,1300000,continental,tech;creative;tourism,67,83,62,57,95,62,41,59,75,83,71,100,74,77,61,19,89,26,40,czech,28,2600,The Golden City,50.08,14.44
taipei,Taipei,Taiwan,Asia,2600000,subtropical,tech;creative;finance,72,77,65,23,93,,,13,83,,,100,70,,54,33,99,77,76,mandarin,32,9962,City of Azaleas,25.05,121.56
dublin,Dublin,Ireland,Europe,550000,temperate,tech;finance;creative,80,86,44,82,98,95,77,48,46,82,74,100,84,100,61,14,100,39,57,english,85,4900,The Fair City,53.33,-6.25
mumbai,Mumbai,India,Asia,20700000,tropical,finance;tech;creative,42,32,92,26,62,55,100,27,56,69,33,48,13,45,26,64,68,100,96,hindi,5,20694,City of Dreams,19.08,72.88
istanbul,Istanbul,Turkey,Middle East,15500000,subtropical,trade;finance;creative,36,29,72,79,32,62,75,43,52,77,59,100,57,46,55,39,82,25,57,turkish,18,2957,City on Two Continents,41.01,28.95
stockholm,Stockholm,Sweden,Europe,1000000,continental,tech;finance;creative,88,88,42,72,99,60,35,99,54,85,73,100,90,86,62,15,100,27,38,swedish,58,4870,Beauty on Water,59.33,18.07
zurich,Zurich,Switzerland,Europe,400000,continental,finance;tech,88,83,0,72,96,86,40,98,76,87,72,100,80,71,62,27,96,52,43,german,85,4592,Little Big City,47.37,8.54
hanoi,Hanoi,Vietnam,Asia,8100000,subtropical,tech;trade;creative,43,19,90,6,20,,100,45,66,71,73,100,29,50,24,34,95,64,79,vietnamese,5,2398,City of Lakes,21.03,105.85
cairo,Cairo,Egypt,Middle East,10100000,tropical,trade;tourism;finance,31,24,93,72,18,87,69,13,50,71,19,44,,36,25,73,37,2,71,arabic,8,19376,City of Minarets,30.04,31.24
bogota,Bogotá,Colombia,Latin America,7400000,subtropical,tech;creative;finance,42,49,80,63,69,33,46,77,33,82,40,100,69,43,59,51,86,65,87,spanish,10,4310,Athens of South America,4.71,-74.07
kualaLumpur,Kuala Lumpur,Malaysia,Asia,1800000,tropical,tech;finance;trade,58,56,80,83,53,80,83,21,41,80,49,100,43,77,76,55,100,100,99,malay,22,6891,Garden City of Lights,3.14,101.69
rome,Rome,Italy,Europe,2800000,subtropical,creative;tourism;fashion,59,68,60,66,87,68,34,49,53,82,64,100,76,54,62,49,73,31,60,italian,35,2096,The Eternal City,41.90,12.50
nairobi,Nairobi,Kenya,Africa,4700000,tropical,tech;finance;creative,32,49,86,67,49,80,88,90,41,57,52,23,74,81,33,75,66,24,90,swahili,4,4509,Silicon Savannah,-1.29,36.82
capeTown,Cape Town,South Africa,Africa,4600000,subtropical,tech;creative;tourism,44,75,76,90,81,86,35,18,26,74,14,46,70,100,45,70,89,20,89,english,8,1600,The Mother City,-33.92,18.42
helsinki,Helsinki,Finland,Europe,650000,continental,tech;creative;finance,92,87,47,75,100,54,22,96,75,86,78,100,88,84,62,11,100,28,38,finnish,52,3050,Daughter of the Baltic,60.17,24.94
budapest,Budapest,Hungary,Europe,1700000,continental,tech;creative;tourism,49,62,64,67,65,57,27,75,66,80,65,100,71,80,61,29,81,25,41,hungarian,22,3370,Pearl of the Danube,47.50,19.04
athensGreece,Athens,Greece,Europe,660000,subtropical,tourism;creative;trade,54,55,63,68,85,37,51,50,45,77,56,91,70,81,61,55,70,20,65,greek,22,17090,Cradle of Democracy,37.98,23.73
sanFrancisco,San Francisco,United States,North America,870000,temperate,tech;finance;creative,70,65,27,88,81,32,58,43,40,88,71,100,85,100,75,53,85,23,65,english,120,6912,The City by the Bay,37.77,-122.42
losAngeles,Los Angeles,United States,North America,3900000,subtropical,creative;tech;media,70,65,36,84,81,32,58,43,46,88,71,100,77,100,75,71,49,13,71,english,72,3284,City of Angels,34.05,-118.24
chicago,Chicago,United States,North America,2700000,continental,finance;tech;creative,70,65,45,97,81,32,58,43,35,88,71,100,81,100,75,36,92,39,39,english,62,4714,The Windy City,41.88,-87.63
austin,Austin,United States,North America,1000000,subtropical,tech;creative;startup,70,65,49,92,81,32,58,43,56,88,71,100,81,100,75,55,70,34,65,english,72,1235,Live Music Capital,30.27,-97.74
vancouver,Vancouver,Canada,North America,2500000,temperate,tech;film;creative,81,78,52,74,97,74,49,77,57,92,78,100,84,100,77,23,100,87,43,english,55,5493,Hollywood North,49.28,-123.12
montreal,Montreal,Canada,North America,1800000,continental,tech;creative;finance,81,78,61,85,97,74,49,77,67,92,78,100,86,,77,30,95,43,20,french,48,4916,Paris of North America,45.50,-73.57
osaka,Osaka,Japan,Asia,2700000,temperate,tech;finance;creative,75,63,76,,96,73,32,33,67,86,79,100,76,32,79,36,95,70,50,japanese,38,11836,Nation's Kitchen,34.69,135.50
kyoto,Kyoto,Japan,Asia,1500000,temperate,creative;tourism,75,63,,,96,73,32,33,,86,79,100,78,32,79,30,97,66,49,japanese,38,1801,The Cultural Capital,35.01,135.77
marrakech,Marrakech,Morocco,Africa,1000000,subtropical,tourism;creative,37,48,85,,37,30,75,24,,65,27,40,,47,33,71,35,12,67,arabic,4,5500,The Red City,31.63,-8.00
reykjavik,Reykjavik,Iceland,Europe,130000,continental,creative;tourism;tech,85,81,23,85,95,,46,100,75,90,66,100,89,,59,5,100,66,44,icelandic,72,357,Bay of Smokes,64.13,-21.93
denver,Denver,United States,North America,715000,continental,tech;finance;creative,70,65,42,92,81,32,58,43,52,88,71,100,85,100,75,56,35,18,41,english,62,1683,Mile High City,39.74,-104.98
milanItaly,Milan,Italy,Europe,1400000,temperate,finance;fashion;creative,59,68,46,57,87,68,34,49,46,82,64,100,60,54,62,35,77,39,50,italian,42,7200,Fashion Capital,45.46,9.19
washingtonDC,Washington DC,United States,North America,690000,temperate,finance;tech;media,70,65,29,94,81,32,58,43,40,88,71,100,85,100,75,41,85,46,45,english,80,4230,The District,38.91,-77.04
madrid,Madrid,Spain,Europe,3300000,subtropical,finance;creative;tourism;media,62,77,60,71,91,71,61,75,71,84,69,100,79,63,63,53,60,18,53,spanish,35,5400,City of Bear and Tree,40.42,-3.70
brussels,Brussels,Belgium,Europe,1200000,temperate,finance;tech;trade,78,80,48,86,95,74,40,72,44,86,72,100,80,86,62,20,97,31,50,french,48,7700,Capital of Europe,50.85,4.35
warsaw,Warsaw,Poland,Europe,1800000,continental,tech;finance;startup,64,74,67,74,82,17,54,32,75,82,77,100,67,83,61,19,90,25,36,polish,22,3400,Phoenix City,52.23,21.01
oslo,Oslo,Norway,Europe,700000,continental,finance;tech;creative,88,92,29,76,99,58,37,99,66,89,71,100,83,88,62,12,100,42,31,norwegian,82,1500,Tiger City,59.91,10.75
edinburgh,Edinburgh,United Kingdom,Europe,540000,temperate,finance;tech;creative;tourism,78,78,47,84,92,54,36,64,70,88,73,100,91,100,75,10,100,35,52,english,52,1800,Athens of the North,55.95,-3.19
munich,Munich,Germany,Europe,1500000,continental,tech;finance;creative,84,83,43,71,95,62,20,59,78,87,72,100,82,88,61,24,97,45,41,german,55,4800,Millionendorf,48.14,11.58
porto,Porto,Portugal,Europe,320000,subtropical,tech;creative;tourism,65,84,69,68,96,69,55,81,66,83,70,100,88,87,62,47,89,40,68,portuguese,22,5700,Invicta,41.16,-8.63
seville,Seville,Spain,Europe,690000,subtropical,tourism;creative,62,77,70,81,91,71,61,75,63,84,69,100,78,63,63,59,59,19,64,spanish,28,4800,City of Grace,37.39,-5.99
florence,Florence,Italy,Europe,380000,subtropical,tourism;fashion;creative,59,68,49,72,87,68,34,49,58,82,64,100,76,54,62,39,86,29,49,italian,38,3800,Cradle of the Renaissance,43.77,11.26
naples,Naples,Italy,Europe,970000,subtropical,tourism;creative,59,68,60,81,87,68,34,49,38,82,64,100,69,54,62,50,80,30,60,italian,18,8200,Parthenopean City,40.85,14.27
krakow,Kraków,Poland,Europe,780000,continental,tech;creative;tourism,64,74,68,72,82,17,54,32,75,82,77,100,56,83,61,20,92,31,37,polish,20,2400,Royal City,50.06,19.94
dubrovnik,Dubrovnik,Croatia,Europe,42000,subtropical,tourism;creative,51,64,,,82,64,71,76,,76,63,100,81,89,60,43,74,50,65,croatian,18,120,Pearl of the Adriatic,42.65,18.09
tallinn,Tallinn,Estonia,Europe,450000,continental,tech;startup;creative,82,89,56,79,96,33,16,60,78,79,81,84,92,70,60,13,100,27,36,estonian,28,2600,Pearl of the Baltic,59.44,24.75
riga,Riga,Latvia,Europe,630000,continental,tech;finance;creative,65,81,64,83,89,35,30,73,63,77,68,100,64,83,60,15,100,31,34,latvian,22,2500,Paris of the North,56.95,24.11
vilnius,Vilnius,Lithuania,Europe,590000,continental,tech;finance;startup,68,82,67,74,90,38,53,78,71,78,65,100,89,64,59,16,100,30,30,lithuanian,24,1500,Rome of the North,54.69,25.28
bucharest,Bucharest,Romania,Europe,1800000,continental,tech;finance;creative,48,66,74,76,83,54,41,68,72,77,47,100,68,85,60,35,75,25,41,romanian,18,8400,Little Paris,44.43,26.10
sofia,Sofia,Bulgaria,Europe,1290000,continental,tech;finance;creative,43,60,69,76,74,57,59,72,61,73,47,96,88,81,60,36,80,28,39,bulgarian,14,6200,City of Free Spirit,42.70,23.32
belgrade,Belgrade,Serbia,Europe,1680000,continental,tech;creative;startup,37,53,70,60,53,48,66,28,62,73,52,98,54,76,62,33,75,27,44,serbian,12,3500,White City,44.82,20.46
zagreb,Zagreb,Croatia,Europe,800000,continental,tech;creative;tourism,51,64,65,77,82,64,71,76,78,76,63,100,68,89,60,31,89,36,43,croatian,20,1240,Little Vienna,45.81,15.98
geneva,Geneva,Switzerland,Europe,200000,continental,finance;tech,88,83,11,71,96,86,40,98,70,87,72,100,79,71,62,31,85,44,43,french,90,12000,Capital of Peace,46.20,6.15
lyon,Lyon,France,Europe,520000,temperate,tech;finance;creative,73,76,49,84,89,59,39,95,41,82,70,100,77,63,62,34,87,34,49,french,45,10500,Gastronomic Capital,45.75,4.83
gothenburg,Gothenburg,Sweden,Europe,590000,temperate,tech;finance;creative,88,88,55,87,99,60,35,99,54,85,73,100,88,86,62,16,100,41,46,swedish,52,1500,Little London,57.71,11.97
rotterdam,Rotterdam,Netherlands,Europe,650000,temperate,trade;tech;finance,87,88,44,89,97,62,34,54,70,85,73,100,80,91,62,20,98,33,53,dutch,58,3500,Gateway to Europe,51.92,4.48
luxembourg,Luxembourg City,Luxembourg,Europe,125000,temperate,finance;tech,89,83,40,77,97,81,30,92,72,83,64,100,83,,62,22,95,31,46,french,120,2400,Gibraltar of the North,49.61,6.13
bratislava,Bratislava,Slovakia,Europe,480000,continental,tech;finance;creative,50,71,63,65,88,60,45,85,70,78,62,100,73,85,60,25,81,25,42,slovak,24,1200,Beauty on the Danube,48.15,17.11
thessaloniki,Thessaloniki,Greece,Europe,1030000,subtropical,tourism;trade;creative,54,55,64,68,85,37,51,50,48,77,56,91,52,81,61,45,71,21,54,greek,18,3800,Co-Capital of Greece,40.64,22.94
valletta,Valletta,Malta,Europe,213000,subtropical,finance;tourism;tech,53,62,57,,88,91,100,16,,82,58,100,78,100,60,59,86,24,77,english,35,6200,Nurse of the Mediterranean,35.90,14.51
hamburg,Hamburg,Germany,Europe,1840000,temperate,trade;tech;finance;media,84,83,49,76,95,62,20,59,59,87,72,100,79,88,61,17,99,30,46,german,55,2400,Gateway to the World,53.55,10.00
cluj,Cluj-Napoca,Romania,Europe,321000,continental,tech;startup;creative,48,66,73,66,83,54,41,68,78,77,47,100,75,85,60,29,82,27,38,romanian,18,6800,Silicon Valley of Eastern Europe,46.77,23.59
nicosia,Nicosia,Cyprus,Europe,330000,subtropical,finance;tourism;trade,59,59,62,86,90,67,72,28,68,76,67,100,73,62,59,59,58,14,68,greek,30,1200,City of Love,35.17,33.37
beijing,Beijing,China,Asia,21500000,continental,tech;finance;trade,50,14,81,27,9,66,89,42,74,85,47,100,24,38,40,38,41,21,33,mandarin,28,1300,Northern Capital,39.91,116.39
shanghai,Shanghai,China,Asia,24900000,subtropical,finance;tech;trade,50,14,78,23,9,66,89,42,74,85,47,100,36,38,40,34,88,51,54,mandarin,32,3900,Paris of the East,31.23,121.47
hongKong,Hong Kong,China,Asia,7500000,subtropical,finance;trade;tech,50,14,44,13,9,66,89,42,78,85,47,100,58,38,40,42,90,56,80,cantonese,52,6800,Pearl of the Orient,22.32,114.17
shenzhen,Shenzhen,China,Asia,17500000,subtropical,tech;finance;trade,50,14,80,30,9,66,89,42,76,85,47,100,62,38,40,42,91,59,80,mandarin,38,8000,Silicon Valley of China,22.54,114.06
chengdu,Chengdu,China,Asia,21000000,subtropical,tech;creative;finance,50,14,89,74,9,66,89,42,,85,47,100,18,38,40,22,76,40,56,mandarin,20,1400,Land of Abundance,30.66,104.07
bangalore,Bangalore,India,Asia,12500000,subtropical,tech;startup;finance,42,32,96,83,62,55,100,27,46,69,33,48,78,45,26,68,69,34,91,kannada,6,4600,Silicon Valley of India,12.97,77.59
newDelhi,New Delhi,India,Asia,32000000,continental,finance;tech;trade,42,32,95,63,62,55,100,27,41,69,33,48,0,45,26,56,28,30,75,hindi,6,11000,Heart of India,28.61,77.21
kolkata,Kolkata,India,Asia,15000000,tropical,finance;creative;trade,42,32,98,76,62,55,100,27,53,69,33,48,0,45,26,50,80,63,83,bengali,4,24000,City of Joy,22.57,88.36
hoChiMinhCity,Ho Chi Minh City,Vietnam,Asia,9000000,tropical,tech;trade;creative,43,19,88,20,20,,100,45,50,71,73,100,53,50,24,62,86,55,100,vietnamese,5,4300,Pearl of the Far East,10.78,106.70
jakarta,Jakarta,Indonesia,Asia,10500000,tropical,finance;trade;tech,37,44,89,40,56,84,88,18,47,67,32,37,32,40,39,55,93,88,100,indonesian,8,15700,Big Durian,-6.21,106.85
manila,Manila,Philippines,Asia,14000000,tropical,trade;tech;creative,36,49,84,14,58,74,90,23,35,69,21,94,42,73,32,51,99,100,97,filipino,5,71000,Pearl of the Orient Seas,14.60,121.00
tbilisi,Tbilisi,Georgia,Asia,1100000,continental,tech;tourism;creative,56,50,80,66,51,63,100,80,74,71,33,27,60,64,58,36,56,15,47,georgian,8,4700,City of Warm Bread,41.69,44.83
yerevan,Yerevan,Armenia,Asia,1090000,continental,tech;creative;finance,51,73,75,59,54,0,100,66,78,69,48,76,,55,33,44,33,14,44,armenian,8,4800,Pink City,40.18,44.51
almaty,Almaty,Kazakhstan,Asia,2100000,continental,finance;trade;tech,46,39,80,75,23,91,94,15,47,83,39,77,,22,37,45,33,19,42,kazakh,12,700,City of Apples,43.26,76.94
auckland,Auckland,New Zealand,Oceania,1700000,temperate,finance;tech;creative,87,81,55,78,99,76,31,89,49,89,73,100,89,100,78,45,89,41,88,english,45,1200,City of Sails,-36.85,174.76
brisbane,Brisbane,Australia,Oceania,2600000,subtropical,tech;finance;creative,85,75,52,84,94,62,51,39,62,89,72,100,85,100,76,61,75,44,100,english,58,480,River City,-27.47,153.02
perth,Perth,Australia,Oceania,2100000,subtropical,mining;finance;tech,85,75,47,89,94,62,51,39,58,89,72,100,85,100,76,69,71,26,95,english,68,320,City of Light,-31.95,115.86
wellington,Wellington,New Zealand,Oceania,440000,temperate,creative;tech;finance,87,81,55,80,99,76,31,89,67,89,73,100,84,100,78,43,95,34,82,english,45,1400,Windy Wellington,-41.29,174.78
fukuoka,Fukuoka,Japan,Asia,1600000,subtropical,tech;creative;tourism,75,63,,,96,73,32,33,,86,79,100,75,32,79,35,93,76,53,japanese,35,4700,Hakata,33.59,130.40
busan,Busan,South Korea,Asia,3400000,subtropical,trade;creative;tech,65,64,,,83,49,44,40,,88,79,100,58,57,80,37,87,61,60,korean,28,4400,City of the Sea,35.18,129.08
colombo,Colombo,Sri Lanka,Asia,750000,tropical,trade;finance;tourism,40,39,84,0,63,71,58,62,57,72,33,40,53,45,20,71,97,80,100,sinhala,4,3400,Pearl of the Indian Ocean,6.93,79.84
kathmandu,Kathmandu,Nepal,Asia,1400000,subtropical,tourism;creative;trade,35,55,94,19,59,80,67,100,64,58,23,59,26,55,18,55,55,43,69,nepali,2,20000,City of Temples,27.71,85.32
yangon,Yangon,Myanmar,Asia,7400000,tropical,trade;creative;tourism,22,25,,,4,0,17,48,,52,42,30,44,31,20,56,70,49,100,burmese,3,4800,Garden City of the East,16.87,96.19
phnomPenh,Phnom Penh,Cambodia,Asia,2200000,tropical,trade;tourism;creative,23,28,81,16,22,70,93,41,50,62,51,41,62,13,25,63,79,50,100,khmer,3,4000,Pearl of Asia,11.56,104.92
ulaanbaatar,Ulaanbaatar,Mongolia,Asia,1500000,continental,trade;mining;creative,38,52,82,73,84,85,100,8,48,70,45,69,0,32,33,46,69,11,0,mongolian,5,300,Red Hero,47.89,106.91
macau,Macau,China,Asia,680000,subtropical,tourism;trade;finance,50,14,,,9,66,89,42,,85,47,100,62,38,40,40,95,64,83,cantonese,62,21000,Las Vegas of Asia,22.20,113.55
hyderabad,Hyderabad,India,Asia,10500000,subtropical,tech;startup;finance,42,32,96,94,62,55,100,27,57,69,33,48,16,45,26,66,55,32,92,telugu,6,18000,City of Pearls,17.38,78.48
guangzhou,Guangzhou,China,Asia,16700000,subtropical,trade;finance;tech,50,14,82,44,9,66,89,42,72,85,47,100,54,38,40,34,88,69,76,cantonese,30,1800,City of Flowers,23.13,113.26
cebu,Cebu City,Philippines,Asia,920000,tropical,tourism;trade;tech,36,49,86,,58,74,90,23,51,69,21,94,,73,32,58,96,80,100,filipino,5,4600,Queen City of the South,10.32,123.90
bali,Bali,Indonesia,Asia,900000,tropical,tourism;creative,37,44,84,,56,84,88,18,49,67,32,37,76,40,39,70,97,64,100,indonesian,8,700,Island of the Gods,-8.34,115.09
miami,Miami,United States,Americas,470000,subtropical,tourism;finance;tech,70,65,36,89,81,32,58,43,47,88,71,100,86,100,75,59,83,53,92,english,55,4700,Magic City,25.76,-80.19
seattle,Seattle,United States,Americas,750000,temperate,tech;trade;creative,70,65,30,93,81,32,58,43,45,88,71,100,88,100,75,27,97,49,54,english,75,3400,Emerald City,47.61,-122.33
boston,Boston,United States,Americas,680000,continental,education;finance;biotech,70,65,32,84,81,32,58,43,60,88,71,100,87,100,75,35,91,48,37,english,78,5300,The Hub,42.36,-71.06
atlanta,Atlanta,United States,Americas,510000,subtropical,finance;tech;media,70,65,43,97,81,32,58,43,36,88,71,100,82,100,75,49,83,52,55,english,52,1450,The ATL,33.75,-84.39
houston,Houston,United States,Americas,2300000,subtropical,energy;healthcare;trade,70,65,55,99,81,32,58,43,37,88,71,100,81,100,75,52,85,50,67,english,52,1250,Space City,29.76,-95.37
dallas,Dallas,United States,Americas,1300000,subtropical,finance;tech;energy,70,65,45,89,81,32,58,43,48,88,71,100,82,100,75,53,70,37,59,english,55,1500,Big D,32.78,-96.80
portland,Portland,United States,Americas,650000,temperate,tech;creative;trade,70,65,37,96,81,32,58,43,42,88,71,100,88,100,75,32,93,59,52,english,62,1900,City of Roses,45.52,-122.68
minneapolis,Minneapolis,United States,Americas,430000,continental,healthcare;finance;retail,70,65,45,97,81,32,58,43,44,88,71,100,84,100,75,36,84,34,21,english,62,2900,City of Lakes,44.98,-93.27
newOrleans,New Orleans,United States,Americas,380000,subtropical,tourism;energy;trade,70,65,43,94,81,32,58,43,32,88,71,100,85,100,75,53,89,61,71,english,38,1800,The Big Easy,29.95,-90.07
philadelphia,Philadelphia,United States,Americas,1580000,continental,education;pharma;finance,70,65,40,96,81,32,58,43,35,88,71,100,81,100,75,40,89,49,42,english,55,4400,City of Brotherly Love,39.95,-75.17
phoenix,Phoenix,United States,Americas,1600000,desert,tech;finance;tourism,70,65,45,93,81,32,58,43,47,88,71,100,84,100,75,75,6,10,70,english,48,1200,Valley of the Sun,33.45,-112.07
calgary,Calgary,Canada,Americas,1340000,continental,energy;finance;tech,81,78,56,89,97,74,49,77,62,92,78,100,87,100,77,29,75,22,28,english,68,1600,Cowtown,51.05,-114.07
ottawa,Ottawa,Canada,Americas,1020000,continental,government;tech;education,81,78,57,88,97,74,49,77,69,92,78,100,88,100,77,31,97,39,19,english,65,340,The Nation's Capital,45.42,-75.70
lima,Lima,Peru,Americas,10750000,desert,trade;finance;tourism,33,42,83,66,66,82,52,64,30,68,38,100,40,56,65,57,69,1,88,spanish,7,3100,City of Kings,-12.05,-77.04
santiago,Santiago,Chile,Americas,7100000,temperate,finance;mining;tech,70,62,76,61,95,68,50,66,36,84,51,100,49,56,72,67,18,11,94,spanish,15,8600,Gateway to the Andes,-33.45,-70.67
medellin,Medellin,Colombia,Americas,2600000,subtropical,tech;tourism;trade,42,49,79,54,69,33,46,77,46,82,40,100,57,43,59,57,100,85,80,spanish,6,19000,City of Eternal Spring,6.25,-75.57
quito,Quito,Ecuador,Americas,1820000,subtropical,trade;tourism;government,32,53,83,79,64,56,40,79,37,78,40,100,63,39,42,39,94,47,83,spanish,6,4500,Middle of the World,-0.23,-78.51
montevideo,Montevideo,Uruguay,Americas,1380000,temperate,trade;finance;education,79,65,62,76,97,54,49,98,43,85,46,100,76,64,66,55,89,47,96,spanish,17,2500,Southern Star,-34.90,-56.19
guadalajara,Guadalajara,Mexico,Americas,5200000,subtropical,tech;trade;creative,29,45,74,62,58,82,46,26,38,79,43,90,50,30,67,76,50,32,80,spanish,12,5700,Pearl of the West,20.66,-103.35
monterrey,Monterrey,Mexico,Americas,5100000,subtropical,finance;trade;manufacturing,29,45,68,62,58,82,46,26,52,79,43,90,54,30,67,67,53,28,75,spanish,18,7200,Sultan of the North,25.67,-100.31
havana,Havana,Cuba,Americas,2140000,tropical,tourism;education,43,26,,,9,,6,4,,86,,,30,55,29,64,77,30,94,spanish,9,2900,Pearl of the Antilles,23.13,-82.38
panamaCity,Panama City,Panama,Americas,880000,tropical,finance;trade;tourism,37,66,70,71,82,,84,68,54,82,26,100,72,47,62,58,92,77,100,spanish,13,1200,Hub of the Americas,8.99,-79.52
sanJoseCR,San Jose,Costa Rica,Americas,1170000,tropical,tourism;tech;agriculture,62,73,60,80,91,,81,100,44,84,43,100,42,55,64,61,94,72,95,spanish,12,5100,Chepe,9.93,-84.08
rioDeJaneiro,Rio de Janeiro,Brazil,Americas,6700000,tropical,tourism;finance;oil,40,63,82,47,73,81,62,89,25,84,38,100,82,44,74,53,92,59,100,portuguese,8,5200,Marvelous City,-22.91,-43.17
cartagena,Cartagena,Colombia,Americas,1010000,tropical,tourism;trade;finance,42,49,,,69,33,46,77,,82,40,100,52,43,59,65,91,55,100,spanish,5,1500,Heroic City,10.39,-75.48
curitiba,Curitiba,Brazil,Americas,1950000,subtropical,automotive;tech;trade,40,63,82,63,73,81,62,89,40,84,38,100,,44,74,46,96,65,92,portuguese,11,4400,Ecological Capital,-25.43,-49.27
asuncion,Asuncion,Paraguay,Americas,550000,subtropical,trade;agriculture,27,56,84,74,63,81,94,100,45,79,29,93,63,60,64,58,79,59,100,spanish,5,2400,Mother of Cities,-25.29,-57.65
laPaz,La Paz,Bolivia,Americas,870000,subtropical,trade;mining;tourism,28,54,,,69,73,24,36,,67,,54,,57,35,78,81,26,64,spanish,3,3800,City in the Clouds,-16.50,-68.15
lasVegas,Las Vegas,United States,Americas,640000,desert,tourism;entertainment;gaming,70,65,49,91,81,32,58,43,45,88,71,100,84,100,75,71,1,6,62,english,45,1700,Sin City,36.17,-115.14
sanDiego,San Diego,United States,Americas,1420000,subtropical,biotech;military;tourism,70,65,37,87,81,32,58,43,60,88,71,100,81,100,75,57,59,11,72,english,62,1700,America's Finest City,32.72,-117.16
telAviv,Tel Aviv,Israel,Middle East,460000,subtropical,tech;finance;startup,65,51,18,53,73,0,50,17,74,85,60,100,62,58,70,67,66,14,70,hebrew,52,8000,Startup Nation Capital,32.09,34.79
riyadh,Riyadh,Saudi Arabia,Middle East,7600000,desert,energy;finance;trade,63,27,69,89,9,0,57,2,75,83,33,98,17,18,39,82,0,1,75,arabic,25,780,Capital of Arabia,24.69,46.72
abuDhabi,Abu Dhabi,United Arab Emirates,Middle East,1540000,desert,energy;finance;tourism,72,26,64,86,18,,77,32,89,84,49,100,11,46,78,76,55,2,89,arabic,75,380,Gulf Capital,24.47,54.37
doha,Doha,Qatar,Middle East,600000,desert,energy;finance;tourism,63,58,67,92,25,,55,4,85,84,42,100,24,40,48,64,38,2,83,arabic,68,2100,Rising Gulf Star,25.29,51.53
muscat,Muscat,Oman,Middle East,900000,desert,energy;tourism;trade,58,42,72,88,24,0,48,5,81,73,41,97,,19,37,76,25,5,87,arabic,18,450,Pearl of Arabia,23.58,58.38
amman,Amman,Jordan,Middle East,1200000,subtropical,trade;tourism;finance,53,35,74,80,34,4,60,24,63,74,43,100,42,25,24,73,48,11,70,arabic,5,6600,White City,31.95,35.93
beirut,Beirut,Lebanon,Middle East,2200000,subtropical,tourism;finance;trade,21,42,65,49,41,48,0,44,53,67,30,22,62,42,21,65,63,18,69,arabic,7,7800,Paris of the Middle East,33.89,35.50
kuwaitCity,Kuwait City,Kuwait,Middle East,2990000,desert,energy;finance;trade,52,44,73,81,30,3,23,2,71,84,28,100,25,35,44,72,27,2,75,arabic,32,3300,Gulf Pearl,29.37,47.98
tehran,Tehran,Iran,Middle East,9300000,continental,energy;manufacturing;trade,25,16,95,41,10,60,51,6,43,81,44,,44,47,21,62,21,12,52,persian,5,11500,City of Firsts,35.69,51.39
manama,Manama,Bahrain,Middle East,650000,desert,finance;tourism;trade,53,30,74,92,12,42,68,0,,78,51,100,3,,39,64,59,2,84,arabic,24,2300,Pearl of the Gulf,26.22,50.57
lagos,Lagos,Nigeria,Africa,15000000,tropical,trade;finance;media,25,46,91,0,44,89,73,31,31,47,3,27,45,100,17,50,100,62,100,english,4,6500,Centre of Excellence,6.52,3.38
accra,Accra,Ghana,Africa,2500000,tropical,trade;finance;tourism,44,67,76,,80,92,87,36,,56,2,42,,100,26,57,99,47,100,english,4,1900,Gateway to West Africa,5.56,-0.20
casablanca,Casablanca,Morocco,Africa,3750000,subtropical,trade;finance;manufacturing,37,48,84,67,37,30,75,24,45,65,27,40,,47,33,64,79,19,73,arabic,5,4700,White City of Morocco,33.59,-7.62
tunis,Tunis,Tunisia,Africa,2290000,subtropical,tourism;trade;agriculture,43,43,87,66,42,50,43,4,52,76,28,15,,49,32,52,73,22,70,arabic,5,4200,Mediterranean Gem,36.82,10.17
addisAbaba,Addis Ababa,Ethiopia,Africa,3500000,subtropical,trade;government;agriculture,39,36,76,,18,87,100,100,50,33,16,23,59,50,22,77,66,43,79,amharic,2,8200,Capital of Africa,9.03,38.74
kigali,Kigali,Rwanda,Africa,1160000,subtropical,tourism;tech;trade,61,35,91,,21,75,100,50,,59,19,32,,100,30,58,80,52,90,english,2,3000,Land of a Thousand Hills,-1.94,30.06
darEsSalaam,Dar es Salaam,Tanzania,Africa,5400000,tropical,trade;tourism;manufacturing,42,53,90,,28,77,94,33,,49,29,26,,43,32,72,84,45,100,swahili,2,5000,Haven of Peace,-6.79,39.27
johannesburg,Johannesburg,South Africa,Africa,5635000,subtropical,finance;mining;trade,44,75,75,98,81,86,35,18,19,74,14,46,29,100,45,70,46,26,92,english,7,2800,City of Gold,-26.20,28.04
dakar,Dakar,Senegal,Africa,3730000,tropical,trade;fishing;tourism,50,59,,,70,69,98,20,,48,37,44,16,31,22,74,91,22,93,french,3,6200,Gateway to Africa,14.69,-17.44
abidjan,Abidjan,Ivory Coast,Africa,5170000,tropical,trade;finance;agriculture,42,63,74,,,85,100,29,,46,24,49,,14,22,50,97,57,100,french,4,4800,Paris of West Africa,5.35,-4.00
karachi,Karachi,Pakistan,Asia,16100000,subtropical,trade;manufacturing;finance,26,29,96,55,32,47,52,55,42,56,13,15,11,48,15,71,63,8,88,urdu,2,26000,City of Lights,24.86,67.01
lahore,Lahore,Pakistan,Asia,13100000,subtropical,trade;creative;education,26,29,96,53,32,47,52,55,64,56,13,15,0,48,15,57,20,24,72,urdu,2,11000,Heart of Pakistan,31.55,74.34
dhaka,Dhaka,Bangladesh,Asia,21700000,tropical,manufacturing;trade;textiles,26,33,92,52,44,81,81,2,38,54,23,52,0,52,17,49,82,87,84,bengali,3,44000,City of Mosques,23.81,90.41
islamabad,Islamabad,Pakistan,Asia,2000000,subtropical,government;tech;trade,26,29,93,68,32,47,52,55,69,56,13,15,35,48,15,57,32,40,69,urdu,3,1800,Green Capital,33.72,73.06
tashkent,Tashkent,Uzbekistan,Asia,2900000,continental,trade;manufacturing;government,33,35,87,79,12,,100,19,74,79,58,100,16,26,30,51,34,16,45,uzbek,3,7400,Crossroads of Civilizations,41.30,69.24
ankara,Ankara,Turkey,Asia,5750000,continental,government;manufacturing;trade,36,29,77,88,32,62,75,43,61,77,59,100,61,46,55,52,66,17,40,turkish,10,2300,Heart of Turkey,39.93,32.86
nagoya,Nagoya,Japan,Asia,2330000,subtropical,manufacturing;automotive;tech,75,63,,,96,73,32,33,,86,79,100,79,32,79,34,91,70,54,japanese,42,6900,Industrial Heart of Japan,35.18,136.91
sapporo,Sapporo,Japan,Asia,1970000,continental,tourism;food;manufacturing,75,63,,,96,73,32,33,,86,79,100,86,32,79,24,100,51,29,japanese,32,1800,Northern Capital,43.06,141.35
hiroshima,Hiroshima,Japan,Asia,1200000,subtropical,manufacturing;tourism;trade,75,63,,,96,73,32,33,,86,79,100,78,32,79,35,95,62,48,japanese,35,1300,City of Peace,34.39,132.46
chongqing,Chongqing,China,Asia,32000000,subtropical,manufacturing;tech;trade,50,14,90,79,9,66,89,42,,85,47,100,34,38,40,19,83,46,59,mandarin,12,380,Mountain City,29.56,106.55
xian,Xian,China,Asia,12900000,continental,history;manufacturing;tourism,50,14,91,81,9,66,89,42,,85,47,100,0,38,40,36,54,28,44,mandarin,12,3800,Ancient Capital,34.34,108.94
wuhan,Wuhan,China,Asia,11080000,subtropical,manufacturing;trade;education,50,14,86,78,9,66,89,42,,85,47,100,26,38,40,29,81,53,54,mandarin,18,1100,Chicago of China,30.59,114.31
nanjing,Nanjing,China,Asia,9300000,subtropical,education;tech;manufacturing,50,14,87,64,9,66,89,42,,85,47,100,20,38,40,31,83,48,49,mandarin,20,1500,Southern Capital,32.06,118.77
marseille,Marseille,France,Europe,870000,subtropical,trade;tourism;shipping,73,76,47,81,89,59,39,95,33,82,70,100,75,63,62,48,73,22,56,french,32,3600,Phocaean City,43.30,5.37
nice,Nice,France,Europe,342000,subtropical,tourism;finance;trade,73,76,45,77,89,59,39,95,45,82,70,100,80,63,62,45,80,27,68,french,38,5200,Pearl of the Riviera,43.71,7.26
turin,Turin,Italy,Europe,870000,continental,manufacturing;automotive;creative,59,68,57,83,87,68,34,49,48,82,64,100,60,54,62,33,68,31,47,italian,32,6700,City of Baroque,45.07,7.69
gdansk,Gdansk,Poland,Europe,485000,continental,trade;maritime;tourism,64,74,69,75,82,17,54,32,69,82,77,100,75,83,61,18,98,28,43,polish,18,1700,Amber City,54.35,18.65
valencia,Valencia,Spain,Europe,800000,subtropical,tech;tourism;food,62,77,67,75,91,71,61,75,62,84,69,100,79,63,63,52,61,16,63,spanish,28,5900,City of Arts and Science,39.47,-0.38
sarajevo,Sarajevo,Bosnia,Europe,275000,continental,tourism;trade;manufacturing,37,56,75,71,54,85,56,44,56,64,39,44,42,80,54,34,89,36,41,bosnian,7,2500,Jerusalem of Europe,43.85,18.39
ljubljana,Ljubljana,Slovenia,Europe,295000,continental,tourism;trade;tech,62,74,62,67,97,74,47,79,78,84,74,100,69,,60,28,93,42,42,slovenian,28,1100,Dragon City,46.05,14.51
poznan,Poznan,Poland,Europe,550000,continental,trade;education;tech,64,74,73,83,82,17,54,32,72,82,77,100,68,83,61,18,89,24,39,polish,18,2100,Poznan the Proud,52.41,16.93
beloHorizonte,Belo Horizonte,Brazil,Americas,2500000,subtropical,mining;finance;tech,40,63,83,69,73,81,62,89,41,84,38,100,75,44,74,59,80,48,92,portuguese,9,7300,Garden City,-19.92,-43.94
portoAlegre,Porto Alegre,Brazil,Americas,1480000,subtropical,trade;manufacturing;agriculture,40,63,83,68,73,81,62,89,30,84,38,100,,44,74,50,94,58,99,portuguese,10,2800,Gaucho Capital,-30.03,-51.23
brasilia,Brasilia,Brazil,Americas,3050000,tropical,government;finance;tech,40,63,83,74,73,81,62,89,42,84,38,100,,44,74,69,70,52,94,portuguese,20,520,Futuristic Capital,-15.78,-47.93
sanAntonio,San Antonio,United States,Americas,1500000,subtropical,military;healthcare;tourism,70,65,54,95,81,32,58,43,50,88,71,100,83,100,75,55,68,31,67,english,42,1100,Alamo City,29.42,-98.49
nashville,Nashville,United States,Americas,700000,subtropical,music;healthcare;tech,70,65,46,90,81,32,58,43,,88,71,100,,100,75,43,87,54,50,english,52,1400,Music City,36.17,-86.78
charlotte,Charlotte,United States,Americas,900000,subtropical,finance;tech;trade,70,65,48,95,81,32,58,43,51,88,71,100,84,100,75,48,82,46,54,english,55,1200,Queen City,35.23,-80.84
recife,Recife,Brazil,Americas,1650000,tropical,trade;tourism;agriculture,40,63,86,58,73,81,62,89,25,84,38,100,,44,74,79,85,57,100,portuguese,7,6300,Venice of Brazil,-8.05,-34.88
sanJuanPR,San Juan,United States,Americas,340000,tropical,tourism;finance;manufacturing,70,65,49,,81,32,58,43,33,88,71,100,75,,75,63,86,48,100,spanish,30,3800,La Ciudad Amurallada,18.47,-66.11
algiers,Algiers,Algeria,Africa,3700000,subtropical,energy;trade;government,36,44,89,28,31,0,73,1,49,70,25,76,57,39,25,55,67,26,65,arabic,5,3900,White City of Algeria,36.74,3.06
baghdad,Baghdad,Iraq,Middle East,7200000,subtropical,energy;trade;government,23,30,84,42,31,53,12,2,47,64,21,27,3,19,15,66,12,8,65,arabic,6,10000,City of Peace,33.34,44.40
kampala,Kampala,Uganda,Africa,1650000,tropical,trade;agriculture;tech,25,37,90,,33,62,99,97,,54,32,27,0,100,30,65,80,56,97,english,3,4200,City on Seven Hills,0.31,32.58
adelaide,Adelaide,Australia,Oceania,1400000,subtropical,education;wine;manufacturing,85,75,46,79,94,62,51,39,67,89,72,100,88,100,76,61,63,17,95,english,58,700,Festival City,-34.93,138.60
incheon,Incheon,South Korea,Asia,3000000,subtropical,trade;manufacturing;logistics,65,64,,,83,49,44,40,,88,79,100,23,57,80,37,85,49,37,korean,32,2600,Gateway to Korea,37.46,126.71
penang,Penang,Malaysia,Asia,750000,tropical,tech;tourism;food,58,56,85,81,53,80,83,21,71,80,49,100,58,77,76,60,98,94,100,malay,15,2500,Pearl of the Orient,5.41,100.33
bordeaux,Bordeaux,France,Europe,260000,temperate,wine;tourism;aerospace,73,76,51,80,89,59,39,95,50,82,70,100,79,63,62,34,88,30,58,french,35,3900,World Wine Capital,44.84,-0.58
bilbao,Bilbao,Spain,Europe,350000,temperate,industry;tourism;creative,62,77,64,78,91,71,61,75,51,84,69,100,81,63,63,32,85,40,67,spanish,28,4800,Guggenheim City,43.26,-2.93
baku,Baku,Azerbaijan,Asia,2300000,subtropical,energy;trade;tourism,32,25,85,64,6,0,54,12,70,67,39,91,,35,34,38,84,6,58,azerbaijani,6,2500,City of Winds,40.41,49.87
minsk,Minsk,Belarus,Europe,2000000,continental,manufacturing;trade;tech,36,25,84,77,7,59,66,41,51,80,63,,74,61,39,19,100,31,27,belarusian,7,7600,Hero City,53.91,27.57
tirana,Tirana,Albania,Europe,800000,subtropical,trade;tourism;construction,39,58,70,58,69,59,74,100,60,71,45,91,54,61,53,47,73,35,49,albanian,6,4200,Eagle City,41.33,19.83
jerusalem,Jerusalem,Israel,Middle East,920000,subtropical,tourism;government;education,65,51,30,57,73,0,50,17,64,85,60,100,71,58,70,73,66,14,70,hebrew,45,6200,Holy City,31.78,35.22
frankfurt,Frankfurt,Germany,Europe,760000,temperate,finance;trade;aviation,84,83,49,85,95,62,20,59,54,87,72,100,81,88,61,19,88,27,45,german,75,3100,Mainhattan,50.11,8.68
manchester,Manchester,United Kingdom,Europe,550000,temperate,media;tech;education;creative,78,78,52,85,92,54,36,64,44,88,73,100,84,100,75,14,100,40,52,english,45,4700,Madchester,53.48,-2.24
hangzhou,Hangzhou,China,Asia,12000000,subtropical,tech;finance;tourism,50,14,82,54,9,66,89,42,,85,47,100,40,38,40,30,89,57,52,mandarin,22,1000,Heaven on Earth,30.27,120.15
varanasi,Varanasi,India,Asia,1500000,subtropical,tourism;silk;education,42,32,,,62,55,100,27,,69,33,48,0,45,26,55,40,33,80,hindi,2,8500,City of Light,25.32,82.97
liverpool,Liverpool,United Kingdom,Europe,500000,temperate,maritime;tourism;education;creative,78,78,53,92,92,54,36,64,53,88,73,100,86,100,75,14,100,39,55,english,32,4600,Pool of Life,53.41,-2.98
salzburg,Salzburg,Austria,Europe,155000,continental,tourism;education;music,74,78,44,,94,80,22,84,,84,69,100,83,89,62,24,97,51,41,german,55,1700,City of Mozart,47.80,13.04
detroit,Detroit,United States,Americas,670000,continental,automotive;manufacturing;music,70,65,52,95,81,32,58,43,27,88,71,100,81,100,75,35,89,34,34,english,32,1600,Motor City,42.33,-83.05
kyiv,Kyiv,Ukraine,Europe,2800000,continental,tech;government;education,34,63,85,73,51,0,69,72,54,80,59,100,53,59,66,26,88,25,31,ukrainian,5,3800,Mother of Rus Cities,50.45,30.52
chennai,Chennai,India,Asia,10900000,tropical,automotive;tech;education,42,32,97,82,62,55,100,27,60,69,33,48,51,45,26,63,77,50,98,tamil,8,11000,Detroit of Asia,13.08,80.27
sanjoseca,San Jose,United States,Americas,1000000,subtropical,tech;finance;healthcare,70,65,33,86,81,32,58,43,52,88,71,100,87,100,75,65,77,20,63,english,100,2100,Capital of Silicon Valley,37.34,-121.89
antwerp,Antwerp,Belgium,Europe,540000,temperate,trade;diamonds;fashion,78,80,49,89,95,74,40,72,60,86,72,100,78,86,62,20,97,31,50,dutch,52,4700,Diamond Capital,51.22,4.40
oakland,Oakland,United States,North America,440000,temperate,tech;creative;trade,70,65,36,,81,32,58,43,31,88,71,100,85,100,75,53,85,23,65,english,65,3200,Town,37.8,-122.27
fortWorth,Fort Worth,United States,North America,960000,subtropical,manufacturing;aerospace;trade,70,65,48,97,81,32,58,43,,88,71,100,,100,75,55,66,34,58,english,55,1100,Cowtown,32.75,-97.33
baltimore,Baltimore,United States,North America,620000,temperate,healthcare;education;maritime,70,65,46,98,81,32,58,43,29,88,71,100,84,100,75,40,87,46,42,english,52,2800,Charm City,39.29,-76.61
columbus,Columbus,United States,North America,905000,continental,tech;education;finance,70,65,47,96,81,32,58,43,51,88,71,100,82,100,75,37,87,39,39,english,55,1500,Cbus,39.96,-82.99
honolulu,Honolulu,United States,North America,350000,tropical,tourism;military;trade,70,65,17,80,81,32,58,43,53,88,71,100,94,100,75,72,82,31,96,english,65,2300,Paradise City,21.31,-157.86
memphis,Memphis,United States,North America,620000,subtropical,logistics;healthcare;tourism,70,65,,,81,32,58,43,22,88,71,100,84,100,75,48,82,54,53,english,42,730,Bluff City,35.15,-90.05
milwaukee,Milwaukee,United States,North America,580000,continental,manufacturing;finance;healthcare,70,65,53,,81,32,58,43,34,88,71,100,81,100,75,32,91,38,29,english,45,2300,Brew City,43.04,-87.91
kansasCity,Kansas City,United States,North America,500000,continental,finance;tech;logistics,70,65,52,98,81,32,58,43,41,88,71,100,83,100,75,43,82,41,40,english,50,600,City of Fountains,39.1,-94.58
indianapolis,Indianapolis,United States,North America,870000,continental,pharma;auto;sports,70,65,50,98,81,32,58,43,40,88,71,100,78,100,75,39,90,46,38,english,52,900,Indy,39.77,-86.16
raleigh,Raleigh,United States,North America,470000,subtropical,tech;education;pharma,70,65,53,96,81,32,58,43,51,88,71,100,83,100,75,48,84,47,52,english,62,1500,City of Oaks,35.78,-78.64
jacksonville,Jacksonville,United States,North America,950000,subtropical,banking;military;healthcare,70,65,54,98,81,32,58,43,44,88,71,100,85,100,75,55,87,51,69,english,48,500,Jax,30.33,-81.66
saltLakeCity,Salt Lake City,United States,North America,210000,continental,tech;healthcare;tourism,70,65,54,94,81,32,58,43,64,88,71,100,83,100,75,55,53,22,34,english,58,800,Salt Lake,40.76,-111.89
venice,Venice,Italy,Europe,260000,temperate,tourism;creative,59,68,,,87,68,34,49,,82,64,100,58,54,62,36,79,38,56,italian,38,600,La Serenissima,45.44,12.33
toulouse,Toulouse,France,Europe,470000,temperate,aerospace;tech;education,73,76,50,83,89,59,39,95,50,82,70,100,80,63,62,36,82,31,56,french,48,3800,Pink City,43.6,1.44
wroclaw,Wrocław,Poland,Europe,670000,continental,tech;manufacturing;education,64,74,70,76,82,17,54,32,75,82,77,100,67,83,61,20,88,25,39,polish,25,2200,Florence of Poland,51.11,17.04
birmingham,Birmingham,United Kingdom,Europe,1100000,temperate,manufacturing;finance;tech,78,78,50,89,92,54,36,64,36,88,73,100,84,100,75,17,100,31,52,english,38,4100,Second City,52.48,-1.9
palermo,Palermo,Italy,Europe,660000,subtropical,tourism;trade;agriculture,59,68,64,,87,68,34,49,54,82,64,100,74,54,62,53,78,28,67,italian,22,4200,Golden Shell,38.12,13.36
malaga,Málaga,Spain,Europe,580000,subtropical,tourism;tech;trade,62,77,68,78,91,71,61,75,68,84,69,100,84,63,63,59,80,20,73,spanish,28,2100,Costa del Sol Capital,36.72,-4.42
jeddah,Jeddah,Saudi Arabia,Middle East,4700000,desert,trade;finance;tourism,63,27,75,95,9,0,57,2,75,83,33,98,,18,39,82,28,1,96,arabic,28,2100,Bride of the Red Sea,21.49,39.19
alexandria,Alexandria,Egypt,Middle East,5200000,subtropical,trade;maritime;tourism,31,24,96,,18,87,69,13,55,71,19,44,,36,25,67,60,4,75,arabic,6,19200,Bride of the Mediterranean,31.2,29.92
chiangMai,Chiang Mai,Thailand,Asia,130000,subtropical,tourism;creative;tech,37,56,86,,33,78,57,17,78,82,42,100,47,17,39,55,81,50,87,thai,8,1200,Rose of the North,18.79,98.98
jaipur,Jaipur,India,Asia,3200000,subtropical,tourism;textiles;gems,42,32,98,83,62,55,100,27,64,69,33,48,0,45,26,67,20,21,77,hindi,4,6400,Pink City,26.91,75.79
pune,Pune,India,Asia,3100000,subtropical,tech;auto;education,42,32,95,87,62,55,100,27,59,69,33,48,13,45,26,61,67,69,89,marathi,7,5500,Oxford of the East,18.52,73.86
ahmedabad,Ahmedabad,India,Asia,5500000,subtropical,textiles;pharma;tech,42,32,96,86,62,55,100,27,68,69,33,48,45,45,26,69,33,31,89,gujarati,5,11700,Manchester of India,23.02,72.57
kochi,Kochi,India,Asia,2100000,tropical,maritime;tech;tourism,42,32,99,,62,55,100,27,,69,33,48,38,45,26,63,89,100,100,malayalam,5,5500,Queen of the Arabian Sea,9.94,76.27
udaipur,Udaipur,India,Asia,450000,subtropical,tourism;marble;textiles,42,32,,,62,55,100,27,,69,33,48,0,45,26,67,29,26,81,hindi,3,3500,City of Lakes,24.57,73.69
suzhou,Suzhou,China,Asia,10700000,subtropical,manufacturing;tech;trade,50,14,82,,9,66,89,42,,85,47,100,38,38,40,32,88,48,52,mandarin,25,1200,Venice of the East,31.3,120.62
yogyakarta,Yogyakarta,Indonesia,Asia,400000,tropical,tourism;education;creative,37,44,,,56,84,88,18,,67,32,37,,40,39,62,96,86,100,javanese,4,14000,City of Students,-7.8,110.37
fez,Fez,Morocco,Africa,1100000,subtropical,tourism;leather;creative,37,48,,,37,30,75,24,,65,27,40,,47,33,62,51,29,66,arabic,4,5500,Athens of Africa,34.03,-5.0
kinshasa,Kinshasa,Democratic Republic of Congo,Africa,17000000,tropical,trade;mining;creative,17,42,,,18,75,100,100,,41,3,34,,17,21,49,90,76,100,french,1,4500,Kin la Belle,-4.32,15.32
luanda,Luanda,Angola,Africa,8900000,tropical,energy;trade;finance,35,52,,,28,80,64,74,,44,9,24,,21,23,55,89,13,100,portuguese,6,5700,Tropical Paris,-8.84,13.23
douala,Douala,Cameroon,Africa,3300000,tropical,trade;manufacturing;maritime,23,42,,,15,80,67,73,,48,26,18,,32,24,44,100,98,100,french,3,4200,Economic Capital,4.05,9.7
cordoba,Córdoba,Argentina,Latin America,1600000,subtropical,automotive;tech;education,41,56,71,,85,88,30,42,40,80,36,99,,75,74,60,60,32,96,spanish,10,2800,La Docta,-31.41,-64.18
salvador,Salvador,Brazil,Latin America,2900000,tropical,tourism;petrochemicals;creative,40,63,85,,73,81,62,89,24,84,38,100,,44,74,64,85,48,100,portuguese,8,3800,African Rome,-12.97,-38.5
fortaleza,Fortaleza,Brazil,Latin America,2700000,tropical,tourism;manufacturing;fishing,40,63,84,53,73,81,62,89,24,84,38,100,,44,74,74,87,43,100,portuguese,7,7600,City of Light,-3.72,-38.54
rosario,Rosario,Argentina,Latin America,1300000,subtropical,agriculture;manufacturing;trade,41,56,,,85,88,30,42,,80,36,99,,75,74,56,73,44,100,spanish,9,2400,La Chicago Argentina,-32.94,-60.64
cali,Cali,Colombia,Latin America,2200000,subtropical,agriculture;manufacturing;tourism,42,49,84,,69,33,46,77,29,82,40,100,54,43,59,43,97,41,80,spanish,7,4200,Salsa Capital,3.43,-76.52
cologne,Cologne,Germany,Europe,1100000,temperate,media;automotive;chemistry,84,83,49,78,95,62,20,59,55,87,72,100,79,88,61,19,93,32,48,german,48,2700,Cathedral City,50.94,6.96
